case_id,domain,functional,authoritative_recall,strict_anchor_recall,grounding_rate,unsupported,exact_leak,temporal,failure_class,latency_ms
TH_EVAL_01,CONDO_PROPERTY,True,1.0,1.0,1.0,0,0,PASS,NONE,33054.28
TH_EVAL_02,CONDO_PROPERTY,True,1.0,0.5,1.0,0,0,PASS,NONE,64218.81
TH_EVAL_03,CONDO_PROPERTY,True,1.0,0.5,1.0,0,0,PARTIAL,NONE,68542.6
TH_EVAL_04,CONDO_PROPERTY,True,1.0,0.0,1.0,0,0,PASS,B RETRIEVAL_FAILURE,70750.45
TH_EVAL_05,LAND_PROPERTY,True,1.0,0.5,1.0,0,0,PASS,NONE,65312.23
TH_EVAL_06,LAND_PROPERTY,True,1.0,0.5,1.0,0,0,PASS,NONE,58577.52
TH_EVAL_07,LAND_PROPERTY,True,1.0,0.0,1.0,0,0,PASS,B RETRIEVAL_FAILURE,60970.34
TH_EVAL_08,LAND_PROPERTY,True,1.0,0.5,1.0,0,0,PASS,NONE,67828.63
TH_EVAL_09,HOTEL_RENTAL,True,1.0,0.5,1.0,0,0,PASS,NONE,68422.38
TH_EVAL_10,HOTEL_RENTAL,True,1.0,0.0,1.0,0,0,PASS,B RETRIEVAL_FAILURE,71021.39
TH_EVAL_11,HOTEL_RENTAL,True,1.0,0.5,1.0,0,0,PASS,NONE,72916.61
TH_EVAL_12,CORPORATE_FOREIGN_BUSINESS,True,1.0,0.5,1.0,0,0,PASS,NONE,70796.05
TH_EVAL_13,CORPORATE_FOREIGN_BUSINESS,True,1.0,0.5,1.0,0,0,PASS,NONE,63800.63
TH_EVAL_14,CORPORATE_FOREIGN_BUSINESS,True,1.0,0.5,1.0,0,0,PASS,NONE,64702.69
TH_EVAL_15,CORPORATE_FOREIGN_BUSINESS,True,1.0,1.0,1.0,0,0,PASS,NONE,67376.25
TH_EVAL_16,TAX_REVENUE,True,1.0,0.0,1.0,0,0,PASS,B RETRIEVAL_FAILURE,68324.35
TH_EVAL_17,TAX_REVENUE,True,1.0,0.0,1.0,0,0,PASS,B RETRIEVAL_FAILURE,70495.46
TH_EVAL_18,TAX_REVENUE,True,1.0,0.0,1.0,0,0,PASS,B RETRIEVAL_FAILURE,71112.66
TH_EVAL_19,TAX_REVENUE,True,1.0,0.0,1.0,0,0,PASS,A SOURCE_MISSING,68393.47
TH_EVAL_20,IMMIGRATION_VISA,True,1.0,0.0,1.0,0,0,PARTIAL,A SOURCE_MISSING,64925.83
TH_EVAL_21,IMMIGRATION_VISA,True,1.0,0.0,1.0,0,0,PASS,B RETRIEVAL_FAILURE,65196.96
TH_EVAL_22,IMMIGRATION_VISA,True,1.0,0.0,1.0,0,0,PASS,B RETRIEVAL_FAILURE,66188.04
TH_EVAL_23,IMMIGRATION_VISA,True,1.0,0.0,1.0,0,0,PARTIAL,B RETRIEVAL_FAILURE,67264.38
TH_EVAL_24,LABOR_EMPLOYMENT,True,1.0,0.5,1.0,0,0,PASS,NONE,62970.69
TH_EVAL_25,LABOR_EMPLOYMENT,True,1.0,0.0,1.0,0,0,PASS,B RETRIEVAL_FAILURE,82936.96
TH_EVAL_26,LABOR_EMPLOYMENT,True,1.0,0.0,1.0,0,0,PASS,B RETRIEVAL_FAILURE,76955.14
TH_EVAL_27,FAMILY_ESTATE,True,1.0,0.0,1.0,0,0,PASS,B RETRIEVAL_FAILURE,51625.86
TH_EVAL_28,FAMILY_ESTATE,True,1.0,0.0,1.0,0,0,PASS,B RETRIEVAL_FAILURE,60487.55
TH_EVAL_29,FAMILY_ESTATE,True,1.0,0.0,1.0,0,0,PASS,B RETRIEVAL_FAILURE,67353.18
TH_EVAL_30,FAMILY_ESTATE,True,1.0,0.0,1.0,0,0,PASS,B RETRIEVAL_FAILURE,71464.32
